id	x	y	z	radius	Sinapic acid	SLES	Kaurenoic Acid	Tryptophan
1m__BA10_01_915	1.38465	-1.7892419999999998	77.238632	0.6	0.0	64800.0	66036.0	35928.0
1m__BA11_01_916	2.399679	-4.1725650000000005	76.569717	0.6	0.0	61496.0	69884.0	91492.0
1m__BA12_01_917	2.474415	-0.342304	74.794861	0.6	292.0	99624.0	118344.0	237516.0
1m__BA1_01_906	2.178975	0.09660099999999999	73.691727	0.6	0.0	45580.0	62764.0	23412.0
1m__BA2_01_907	1.490879	-3.286875	77.311913	0.6	0.0	88460.0	105200.0	48852.0
1m__BA3_01_908	1.511025	-4.867563	76.819664	0.6	148.0	112468.0	98432.0	38376.0
1m__BA4_01_909	2.679497	-6.500312	74.04705799999999	0.5	600.0	73512.0	94960.0	52084.0
1m__BA5_01_910	1.3682889999999999	-7.431964999999999	74.559464	0.5	0.0	20616.0	80404.0	82876.0
1m__BA6_01_911	3.131984	-5.763782	73.36443299999999	0.5	312.0	34104.0	81952.0	49436.0
1m__BA7_01_912	3.298292	-4.483127	75.396538	0.5	164.0	38172.0	143324.0	48376.0
1m__BA8_01_913	3.537064	-2.1878900000000003	75.253853	0.5	244.0	70472.0	91952.0	57816.0
1m__BA9_01_914	2.210906	-6.285387	75.450172	0.6	180.0	84212.0	86196.0	64236.0
1m__BB10_01_927	2.037204	0.026762	70.988823	0.6	0.0	7840.0	91804.0	119676.0
1m__BB11_01_928	3.391454	-2.3675610000000002	71.2257	0.3	140.0	21968.0	157584.0	382204.0
1m__BB12_01_929	3.583561	-2.436124	71.81926	0.3	608.0	40588.0	36316.0	379284.0
1m__BB1_01_918	3.8516150000000002	-2.592428	72.329758	0.3	476.0	50836.0	139476.0	86660.0
1m__BB2_01_919	1.205165	0.6197739999999999	72.569412	0.6	104.0	79628.0	169808.0	86116.0
1m__BB3_01_920	1.315968	0.385577	74.73761	0.6	0.0	70700.0	98232.0	65964.0
1m__BB4_01_921	3.689372	-3.727873	73.24981700000001	0.6	0.0	73100.0	127476.0	76048.0
1m__BB5_01_922	3.6319190000000003	-2.041932	73.215714	0.6	304.0	61036.0	139868.0	106560.0
1m__BB6_01_923	3.4608510000000003	-1.6917080000000002	72.424545	0.6	548.0	49824.0	56424.0	89700.0
1m__BB7_01_924	3.325945	-1.52691	71.77735899999999	0.6	0.0	50432.0	66712.0	91392.0
1m__BB8_01_925	3.278347	-1.591972	71.175781	0.6	0.0	58128.0	65696.0	203224.0
1m__BB9_01_926	3.7068760000000003	-2.479231	70.586487	0.3	0.0	9656.0	15112.0	46556.0
1m__BC10_01_939	3.415051	-3.4806800000000004	71.499084	0.3	320.0	21804.0	13356.0	578896.0
1m__BC11_01_940	1.14504	-7.640083	72.056099	0.3	260.0	13644.0	2188.0	409440.0
1m__BC12_01_941	1.971772	-7.242906	71.984016	0.3	856.0	25904.0	6172.0	357324.0
1m__BC1_01_930	2.733041	-6.644182000000001	71.961952	0.3	0.0	38424.0	74564.0	168476.0
1m__BC2_01_931	3.2964559999999996	-3.47531	70.315163	0.3	0.0	20140.0	44948.0	131888.0
1m__BC3_01_932	3.036981	-2.151883	69.998924	0.6	0.0	15756.0	27028.0	136012.0
1m__BC4_01_933	3.1069869999999997	-3.3691419999999996	69.28875	0.3	0.0	17488.0	15728.0	154520.0
1m__BC5_01_934	3.3090589999999995	-5.009129	71.586563	0.3	500.0	15344.0	9956.0	139012.0
1m__BC6_01_935	2.994891	-5.793235	71.38960300000001	0.3	0.0	17648.0	16396.0	215112.0
1m__BC7_01_936	2.3652759999999997	-6.4263069999999995	71.243095	0.3	244.0	19368.0	5288.0	704896.0
1m__BC8_01_937	1.655893	-6.774621000000001	71.114494	0.3	704.0	17664.0	7744.0	371796.0
1m__BC9_01_938	0.888669	-7.1504259999999995	71.307373	0.3	148.0	7628.0	12364.0	167244.0
1m__BD10_01_951	3.0060729999999998	-5.999480999999999	71.941826	0.3	400.0	13276.0	20072.0	3834208.0
1m__BD11_01_952	0.8798469999999999	-7.740431	70.134415	0.3	908.0	22660.0	15088.0	6156020.0
1m__BD12_01_953	1.232712	-6.882225999999999	70.059387	0.3	820.0	8296.0	6484.0	2645688.0
1m__BD1_01_942	0.724924	-7.927846000000001	69.65727199999999	0.2	0.0	20808.0	8436.0	213636.0
1m__BD2_01_943	1.065978	-7.6363970000000005	72.646622	0.3	0.0	13428.0	18208.0	3744504.0
1m__BD3_01_944	1.496165	-6.684984	69.64945999999999	0.3	464.0	17972.0	14132.0	399756.0
1m__BD4_01_945	0.9505870000000001	-7.603791	73.59736600000001	0.3	844.0	27260.0	16740.0	2268384.0
1m__BD5_01_946	1.9531580000000002	-7.214603	73.504013	0.3	944.0	14104.0	10560.0	576688.0
1m__BD6_01_947	1.9100279999999998	-7.2779229999999995	72.89135	0.3	704.0	24004.0	5396.0	358876.0
1m__BD7_01_948	2.531619	-6.744437	72.813965	0.3	936.0	14976.0	14296.0	2299768.0
1m__BD8_01_949	0.8438559999999999	-7.471957000000001	70.754936	0.3	328.0	11928.0	8384.0	591956.0
1m__BD9_01_950	1.204018	-6.892567999999999	70.64743	0.3	176.0	8940.0	2724.0	243508.0
1m__BE10_01_963	1.950448	-6.532792	70.46151	0.3	620.0	14908.0	5216.0	4337360.0
1m__BE11_01_964	0.814131	-7.239896000000001	69.622681	0.2	1252.0	20004.0	0.0	1791528.0
1m__BE12_01_965	1.212957	-6.340148	67.86747	0.2	0.0	31260.0	3080.0	3716780.0
1m__BE1_01_954	2.564956	-5.938165000000001	69.898399	0.3	836.0	11240.0	11044.0	3769828.0
1m__BE2_01_955	3.126696	-4.8452980000000005	70.225716	0.3	688.0	9064.0	5368.0	2765892.0
1m__BE3_01_956	0.725363	-7.162425	69.13421600000001	0.2	768.0	8680.0	8972.0	1476800.0
1m__BE4_01_957	1.350278	-6.761959	68.981392	0.2	956.0	20040.0	14524.0	2629892.0
1m__BE5_01_958	0.6459	-7.1411929999999995	68.795609	0.2	908.0	4636.0	11572.0	168844.0
1m__BE6_01_959	1.004003	-6.966688	68.750854	0.2	732.0	4800.0	9424.0	252212.0
1m__BE7_01_960	0.7382989999999999	-6.9145	68.426514	0.2	784.0	4884.0	15144.0	554928.0
1m__BE8_01_961	1.191645	-6.628489999999999	68.478241	0.2	832.0	5592.0	25260.0	809628.0
1m__BE9_01_962	0.45717399999999997	-6.580128	67.97573100000001	0.2	744.0	5752.0	1352.0	5526496.0
1m__BF10_01_975	2.381793	-5.512265	69.024925	0.3	380.0	28096.0	1868.0	1696272.0
1m__BF11_01_976	2.566423	-1.614846	66.632416	0.3	752.0	26900.0	7824.0	2448816.0
1m__BF12_01_977	1.0264950000000002	-3.1129	65.31626899999999	0.3	968.0	37996.0	12820.0	2273416.0
1m__BF1_01_966	2.067908	0.34425900000000004	68.48793	0.6	640.0	36396.0	23836.0	4236488.0
1m__BF2_01_967	3.052176	-4.530485	69.407639	0.3	1104.0	35628.0	16368.0	4592572.0
1m__BF3_01_968	0.8712280000000001	-6.545687	67.26342	0.3	928.0	9948.0	13600.0	453732.0
1m__BF4_01_969	2.003644	-5.427262000000001	67.925697	0.3	1424.0	21008.0	20536.0	1767088.0
1m__BF5_01_970	2.6737610000000003	-4.3852519999999995	68.28958100000001	0.3	852.0	14792.0	5952.0	1306648.0
1m__BF6_01_971	1.42266	-5.824337	67.045013	0.3	1044.0	28784.0	13064.0	2338732.0
1m__BF7_01_972	1.212853	-3.914797	66.998985	0.3	1112.0	26616.0	9628.0	2923616.0
1m__BF8_01_973	2.589686	-2.14165	67.738037	0.3	980.0	19524.0	15100.0	1984636.0
1m__BF9_01_974	1.975553	-2.679666	66.589966	0.3	796.0	20072.0	12020.0	2762172.0
1m__BG10_01_987	1.2008510000000001	1.14	67.672104	0.75	1408.0	34904.0	9484.0	2858032.0
1m__BG11_01_988	6.913446	1.212353	64.90218399999999	0.75	1784.0	39792.0	6376.0	2580864.0
1m__BG12_01_989	5.4431709999999995	-0.11219100000000001	65.904427	0.75	2076.0	24728.0	4372.0	1957468.0
1m__BG1_01_978	4.176557	-0.818904	66.344482	0.75	5048.0	40012.0	14912.0	1302492.0
1m__BG2_01_979	2.790867	0.753188	67.358284	0.75	660.0	50340.0	9868.0	2468924.0
1m__BG3_01_980	1.141606	1.9448349999999999	66.51679200000001	0.75	532.0	31340.0	20540.0	1759932.0
1m__BG4_01_981	3.5548910000000005	1.5469709999999999	66.526703	0.75	360.0	42136.0	19816.0	2462752.0
1m__BG5_01_982	5.4939849999999995	1.3870790000000002	65.797409	0.75	1224.0	50536.0	12044.0	2330544.0
1m__BG6_01_983	3.7219599999999997	2.669609	65.628372	0.75	1116.0	33024.0	20564.0	3006820.0
1m__BG7_01_984	0.803696	2.904211	65.534927	0.75	556.0	37320.0	13920.0	2581520.0
1m__BG8_01_985	1.449837	-2.749822	64.552856	0.75	1052.0	16164.0	7560.0	1921192.0
1m__BG9_01_986	4.368557	-1.4617040000000001	65.340828	0.75	1912.0	18484.0	4896.0	2420416.0
1m__BH10_01_999	8.198253999999999	-0.96645	63.98289499999999	0.8	412.0	50304.0	23232.0	3148532.0
1m__BH11_01_1000	0.12962200000000001	-4.654788	61.61610400000001	0.8	1824.0	27636.0	6700.0	3700524.0
1m__BH12_01_1001	9.724257000000001	-1.548417	60.030621	0.8	1796.0	2824.0	3008.0	20400.0
1m__BH1_01_990					976.0	23932.0	7528.0	2367920.0
1m__BH2_01_991	7.096931	-2.554732	63.77703100000001	0.8	1200.0	40372.0	16288.0	2427696.0
1m__BH3_01_992	4.280333000000001	-3.286621	63.683315	0.8	1348.0	23832.0	11492.0	2666356.0
1m__BH4_01_993	6.661382000000001	-2.774619	60.258289000000005	0.8	1508.0	41276.0	9920.0	2923780.0
1m__BH5_01_994	4.041481	-4.457683	61.733284	0.8	1292.0	43516.0	14448.0	3342168.0
1m__BH6_01_995	4.852232	-4.998201	59.86085500000001	0.8	1560.0	42108.0	11960.0	3115204.0
1m__BH7_01_996	4.094072	-5.544816	59.041775	0.8	1756.0	23260.0	3648.0	1727736.0
1m__BH8_01_997	2.9337020000000003	-5.16087	60.601868	0.8	1892.0	24476.0	13584.0	2374256.0
1m__BH9_01_998	1.632361	-3.907539	63.172428000000004	0.8	576.0	25516.0	14020.0	2491888.0
2m__BA10_01_1015	12.034439	0.653037	31.596745000000002	0.4	760.0	4296.0	14700.0	171516.0
2m__BA11_01_1016	12.379283000000001	0.135208	32.85178	0.4	16192.0	3292.0	10128.0	157980.0
2m__BA12_01_1017	12.583113	-0.214596	34.120022	0.4	704.0	7552.0	0.0	276976.0
2m__BA1_01_1006	12.202444	2.2238569999999998	33.468628	0.4	1212.0	2600.0	10744.0	56940.0
2m__BA2_01_1007	12.563701	2.011616	34.086715999999996	0.4	1292.0	2684.0	9516.0	120372.0
2m__BA3_01_1008	12.811558	1.715191	34.657799	0.4	2748.0	4028.0	6668.0	173296.0
2m__BA4_01_1009	12.708842	1.36266	35.414951	0.4	1040.0	41872.0	13008.0	188528.0
2m__BA5_01_1010	12.727031	0.897071	34.185471	0.4	1472.0	25708.0	9712.0	194988.0
2m__BA6_01_1011	12.342169	1.135205	33.122955	0.4	1596.0	6712.0	8648.0	98008.0
2m__BA7_01_1012	12.057411	1.5429959999999998	32.14711	0.4	1140.0	13576.0	15684.0	154892.0
2m__BA8_01_1013	12.599305000000001	0.414463	35.130947	0.4	960.0	14880.0	11828.0	155564.0
2m__BA9_01_1014	11.883980000000001	-1.256659	34.775871	0.4	1584.0	9744.0	8924.0	215464.0
2m__BB10_01_1027	11.823812	-1.065693	37.278877	0.5	619564.0	6080.0	5280.0	448404.0
2m__BB11_01_1028	10.834325999999999	-1.238649	36.929901	0.4	28168.0	36872.0	0.0	1128272.0
2m__BB12_01_1029	10.042316	-1.242381	36.178238	0.4	19456.0	3240.0	0.0	618340.0
2m__BB1_01_1018	12.199806	-0.46276999999999996	35.104874	0.4	392.0	31996.0	13068.0	212944.0
2m__BB2_01_1019	11.999331	-1.107224	34.217251	0.4	1504.0	4672.0	0.0	213860.0
2m__BB3_01_1020	11.880966	-1.1106610000000001	33.280895	0.4	636.0	2868.0	8140.0	182724.0
2m__BB4_01_1021	11.644236	-1.029104	32.156036	0.4	2104.0	20476.0	12288.0	172260.0
2m__BB5_01_1022	12.858092999999998	0.9315120000000001	36.631714	0.5	4204.0	8936.0	5052.0	319544.0
2m__BB6_01_1023	12.510205000000001	-0.424278	36.352474	0.5	1268.0	1976.0	6740.0	254188.0
2m__BB7_01_1024	11.704639	-1.305482	36.249138	0.5	5200.0	18336.0	0.0	286948.0
2m__BB8_01_1025	12.738789	0.983359	37.519432	0.5	14820.0	10020.0	4648.0	479168.0
2m__BB9_01_1026	12.430351	-0.288335	37.26936	0.5	556036.0	4244.0	4772.0	239828.0
2m__BC10_01_1039	9.693172	-0.49836099999999994	35.418907	0.4	1177156.0	3964.0	0.0	1338692.0
2m__BC11_01_1040	10.094756	-0.273924	36.182128999999996	0.4	692084.0	2568.0	0.0	2692856.0
2m__BC12_01_1041	11.174306	-0.660359	35.60051	0.5	146120.0	2044.0	0.0	2652308.0
2m__BC1_01_1030	9.995136	-1.139648	34.845116	0.4	1340.0	21824.0	8560.0	430496.0
2m__BC2_01_1031	12.520996	0.8593790000000001	38.58445	0.5	11728.0	3516.0	0.0	719508.0
2m__BC3_01_1032	12.199516000000001	-0.39165500000000003	38.536910999999996	0.5	1303268.0	7440.0	0.0	674960.0
2m__BC4_01_1033	11.310058999999999	-1.028813	38.748463	0.5	43156.0	5264.0	0.0	454828.0
2m__BC5_01_1034	12.4951	0.8166	39.6388	0.5	291248.0	1964.0	0.0	1062396.0
2m__BC6_01_1035	11.4558	-0.8579	39.6646	0.5	124040.0	1608.0	0.0	1116528.0
2m__BC7_01_1036	12.469246	0.773755	40.693249	0.5	21816.0	2120.0	0.0	542352.0
2m__BC8_01_1037	11.601564	-0.6870539999999999	40.580795	0.5	193500.0	5912.0	0.0	591488.0
2m__BC9_01_1038	9.65658	-0.581037	34.655876	0.4	1153392.0	4500.0	0.0	659740.0
2m__BD10_01_1051	11.904958	1.482883	33.506828000000006	0.4	484012.0	968.0	0.0	2539400.0
2m__BD11_01_1052	11.601223	1.864797	32.337070000000004	0.4	290720.0	3392.0	0.0	747780.0
2m__BD12_01_1053	12.356564	1.8895110000000002	35.330428999999995	0.4	524332.0	1344.0	0.0	1575964.0
2m__BD1_01_1042	11.460046	-0.577681	34.613696999999995	0.4	1080.0	4568.0	4124.0	616908.0
2m__BD2_01_1043	11.397929	-0.68706	33.603931	0.4	17844.0	6520.0	0.0	590108.0
2m__BD3_01_1044	11.299917	-0.7196279999999999	32.802013	0.4	364472.0	2136.0	0.0	1510944.0
2m__BD4_01_1045	11.247916	-0.670844	32.014854	0.4	261708.0	1812.0	0.0	1302052.0
2m__BD5_01_1046	11.61763	1.056233	31.502691	0.4	374820.0	6488.0	0.0	847304.0
2m__BD6_01_1047	11.732201	0.499496	32.71159	0.4	203640.0	4264.0	0.0	1604384.0
2m__BD7_01_1048	11.93032	0.232632	34.341021999999995	0.4	397868.0	7736.0	0.0	2177828.0
2m__BD8_01_1049	11.730594	0.45368800000000004	35.976524	0.5	56080.0	6344.0	0.0	2167500.0
2m__BD9_01_1050	12.043331	1.247649	34.445060999999995	0.4	573468.0	3568.0	0.0	1773244.0
2m__BE10_01_1063	11.036139	-0.47127600000000003	43.427459999999996	0.7	392928.0	1756.0	0.0	508524.0
2m__BE11_01_1064	10.615082000000001	1.206573	41.572884	0.7	471788.0	2828.0	1584.0	2689912.0
2m__BE12_01_1065	10.757723	-0.477382	45.264603	0.7	899696.0	3632.0	0.0	2430568.0
2m__BE1_01_1054	12.126897999999999	2.1517630000000003	34.365196000000005	0.4	1010864.0	3952.0	0.0	1797040.0
2m__BE2_01_1055	11.82702	2.460232	33.629428999999995	0.4	787016.0	3040.0	0.0	1637928.0
2m__BE3_01_1056	10.091342	0.218703	37.373253000000005	0.5	523056.0	3228.0	0.0	1502008.0
2m__BE4_01_1057	11.333563999999999	1.565205	37.621433	0.5	85796.0	1436.0	0.0	2422464.0
2m__BE5_01_1058	11.793608	2.064078	38.122791	0.5	2840.0	1816.0	0.0	1076536.0
2m__BE6_01_1059	10.404795	0.12343900000000001	39.424782	0.5	2692.0	4460.0	0.0	2395464.0
2m__BE7_01_1060	11.482087	1.526585	39.780251	0.5	2820.0	2000.0	1588.0	1928664.0
2m__BE8_01_1061	10.467753	0.175247	40.418221	0.5	30520.0	2048.0	0.0	926556.0
2m__BE9_01_1062	11.071278999999999	1.519366	40.758446	0.5	2016.0	2512.0	1580.0	2419816.0
2m__BF10_01_1075	9.346307000000001	-1.0573489999999999	54.185745	0.7	412084.0	2932.0	0.0	1719356.0
2m__BF11_01_1076	8.25249	3.410461	54.858879	0.7	4076.0	2164.0	2244.0	2017916.0
2m__BF12_01_1077	9.312864999999999	-0.948413	55.850108999999996	0.7	2856.0	2852.0	2304.0	1579684.0
2m__BF1_01_1066	10.426701	1.8756150000000003	43.21954	0.7	1744.0	2724.0	0.0	2429932.0
2m__BF2_01_1067	10.739861	-0.600396	46.928783	0.7	15556.0	892.0	0.0	1627296.0
2m__BF3_01_1068	10.380371	-0.413677	48.644402	0.7	252444.0	3416.0	2388.0	1155780.0
2m__BF4_01_1069	10.00779	2.384845	45.163967	0.7	181220.0	1804.0	0.0	2534368.0
2m__BF5_01_1070	9.609465	2.755652	46.862922999999995	0.7	156856.0	3468.0	0.0	2243320.0
2m__BF6_01_1071	10.506409	-0.266072	50.060669	0.7	2980.0	4612.0	0.0	1751916.0
2m__BF7_01_1072	10.236174	-0.174816	52.429272	0.7	124272.0	5260.0	1452.0	1220460.0
2m__BF8_01_1073	9.205034	3.035644	50.673598999999996	0.7	125816.0	2632.0	0.0	1143044.0
2m__BF9_01_1074	8.251532000000001	2.64299	52.829032999999995	0.7	540320.0	4036.0	0.0	1539408.0
2m__BG10_01_1087					63420.0	932.0	0.0	929188.0
2m__BG11_01_1088					315804.0	1588.0	0.0	2239196.0
2m__BG12_01_1089					479756.0	3572.0	0.0	2692964.0
2m__BG1_01_1078					3140.0	6524.0	0.0	851220.0
2m__BG2_01_1079					150956.0	3752.0	0.0	1834168.0
2m__BG3_01_1080					162860.0	2328.0	0.0	758392.0
2m__BG4_01_1081					346740.0	2228.0	0.0	384972.0
2m__BG5_01_1082					1484128.0	1716.0	0.0	397864.0
2m__BG6_01_1083					1018764.0	1668.0	0.0	1454372.0
2m__BG7_01_1084					173464.0	2292.0	3892.0	1272204.0
2m__BG8_01_1085					716596.0	1120.0	2712.0	429524.0
2m__BG9_01_1086					641688.0	1856.0	1892.0	300664.0
2m__BH10_01_1099					454348.0	11448.0	5248.0	17956.0
2m__BH11_01_1100					12868.0	14324.0	3540.0	15152.0
2m__BH12_01_1101					537920.0	7376.0	0.0	13360.0
2m__BH1_01_1090					1844.0	3232.0	0.0	1961404.0
2m__BH2_01_1091	5.89203	-4.132445	57.975494	0.9	209596.0	2132.0	2504.0	3350044.0
2m__BH3_01_1092	6.700594000000001	-1.727771	57.523464000000004	0.9	524312.0	1384.0	0.0	2997436.0
2m__BH4_01_1093	6.50858	2.492052	57.037620999999994	0.9	687156.0	3360.0	3256.0	3320676.0
2m__BH5_01_1094					552104.0	4116.0	1564.0	3525344.0
2m__BH6_01_1095					31868.0	14260.0	3736.0	272324.0
2m__BH7_01_1096					3592.0	13736.0	5536.0	14388.0
2m__BH8_01_1097					1832.0	11404.0	3684.0	25944.0
2m__BH9_01_1098					547916.0	8900.0	2228.0	13752.0
3m__BA10_01_1115					556308.0	11972.0	0.0	62524.0
3m__BA11_01_1116					37996.0	9392.0	9968.0	198820.0
3m__BA12_01_1117					1454140.0	14408.0	0.0	199112.0
3m__BA1_01_1106					6288.0	6096.0	10024.0	74808.0
3m__BA2_01_1107	8.017168	-0.8358629999999999	37.049236	0.9	4604.0	11748.0	0.0	124296.0
3m__BA3_01_1108					7340.0	12384.0	9100.0	118576.0
3m__BA4_01_1109					1661764.0	11660.0	10828.0	196100.0
3m__BA5_01_1110					3688.0	14604.0	0.0	135100.0
3m__BA6_01_1111	7.106349000000001	-2.5859669999999997	31.722579999999997	0.9	9712.0	16292.0	0.0	87964.0
3m__BA7_01_1112	8.499108999999999	-1.185799	30.564235999999998	0.9	22828.0	10004.0	0.0	138060.0
3m__BA8_01_1113	6.90062	-2.34463	28.538898	0.9	8568.0	7052.0	7764.0	101320.0
3m__BA9_01_1114	8.583722	-0.815925	28.43042	0.9	1128044.0	13388.0	0.0	78068.0
3m__BB10_01_1127					3184.0	7816.0	0.0	515956.0
3m__BB11_01_1128					1140.0	8112.0	0.0	799000.0
3m__BB12_01_1129					37148.0	12728.0	0.0	571728.0
3m__BB1_01_1118					1984.0	13768.0	0.0	232172.0
3m__BB2_01_1119	7.739372	-1.166002	21.706203	0.9	1272.0	9144.0	0.0	197012.0
3m__BB3_01_1120	7.446199000000001	-0.8378950000000001	19.947117000000002	0.9	3824.0	6400.0	0.0	96224.0
3m__BB4_01_1121	8.317588	-0.846038	20.395771	0.9	1704.0	14560.0	0.0	544272.0
3m__BB5_01_1122	9.238627000000001	0.305212	20.629555	0.9	1272.0	16464.0	0.0	737616.0
3m__BB6_01_1123	9.584098	0.153399	17.639824	0.9	1356.0	13756.0	0.0	147492.0
3m__BB7_01_1124	8.715038	0.11347	15.792639000000001	0.9	1716.0	12760.0	8648.0	933820.0
3m__BB8_01_1125	10.611822	0.71262	16.473827	0.9	2008.0	10408.0	0.0	216748.0
3m__BB9_01_1126	10.622025	0.8722719999999999	13.764623	0.9	4148.0	11220.0	0.0	717704.0
3m__BC10_01_1139	14.109701999999999	-2.9094029999999997	0.926263	0.3	45512.0	7552.0	0.0	1232488.0
3m__BC11_01_1140	14.474201999999998	-2.376327	0.978605	0.3	15712.0	8640.0	0.0	205160.0
3m__BC12_01_1141	13.016132	-2.212587	0.956701	0.35	6504.0	20576.0	7340.0	2889220.0
3m__BC1_01_1130	13.624523000000002	-3.731037	0.561556	0.3	1176.0	14804.0	0.0	1098456.0
3m__BC2_01_1131	14.232501000000001	-3.729973	0.624099	0.3	512.0	6832.0	0.0	108168.0
3m__BC3_01_1132	14.343815	-3.317336	0.639099	0.3	1828.0	7972.0	0.0	250948.0
3m__BC4_01_1133	14.693416000000001	-3.109486	0.463146	0.3	2328.0	6376.0	8644.0	98444.0
3m__BC5_01_1134	14.793899	-2.5136950000000002	0.688575	0.3	29544.0	5864.0	0.0	200272.0
3m__BC6_01_1135	15.103995000000001	-2.171383	0.44621099999999997	0.3	15748.0	8736.0	0.0	230780.0
3m__BC7_01_1136	12.919571000000001	-3.5570019999999998	0.9876969999999999	0.3	2424.0	7344.0	0.0	202304.0
3m__BC8_01_1137	13.410286	-3.3395620000000004	0.7800520000000001	0.3	23252.0	5368.0	0.0	262176.0
3m__BC9_01_1138	13.818742000000002	-3.1738560000000002	1.0374510000000001	0.3	157952.0	8496.0	0.0	143468.0
3m__BD10_01_1151	12.708563999999999	0.013012000000000001	2.3547700000000003	0.4	7504.0	6772.0	0.0	1115656.0
3m__BD11_01_1152	11.803768	-0.567418	2.348548	0.4	7612.0	7516.0	0.0	1351000.0
3m__BD12_01_1153	11.666774	0.5460550000000001	3.007682	0.4	2144.0	4752.0	0.0	1244164.0
3m__BD1_01_1142	13.574848999999999	-2.258259	1.241044	0.35	2480.0	8424.0	0.0	230720.0
3m__BD2_01_1143	14.127641	-1.823005	1.1167639999999999	0.35	60320.0	6776.0	0.0	221140.0
3m__BD3_01_1144	12.64783	3.217589	3.241747	0.5	147508.0	25708.0	0.0	2796904.0
3m__BD4_01_1145	14.267052	-1.019117	0.999267	0.35	228840.0	8904.0	0.0	212664.0
3m__BD5_01_1146	14.769701999999999	-1.425784	0.9441959999999999	0.35	308156.0	8104.0	0.0	1093308.0
3m__BD6_01_1147	15.304141	-1.0217129999999999	0.798127	0.35	33856.0	7056.0	0.0	1241060.0
3m__BD7_01_1148	12.067724	-1.8963830000000002	1.70793	0.4	34588.0	9804.0	0.0	1184316.0
3m__BD8_01_1149	13.081657	-1.034087	1.760347	0.4	130356.0	9876.0	0.0	1307004.0
3m__BD9_01_1150	14.064179000000001	0.237143	1.472988	0.4	191184.0	9948.0	0.0	1144428.0
3m__BE10_01_1163	12.846063000000001	1.953498	2.838778	0.5	6568.0	4652.0	4204.0	1265936.0
3m__BE11_01_1164	11.695153	3.076696	7.5274160000000006	0.5	11660.0	3748.0	3924.0	2748912.0
3m__BE12_01_1165	11.514208	2.40306	9.514925999999999	0.5	2580.0	3196.0	0.0	1372164.0
3m__BE1_01_1154	13.800703	1.4276879999999998	1.838713	0.4	2412.0	4660.0	0.0	1493292.0
3m__BE2_01_1155	10.261932	1.675613	10.093817999999999	0.5	3348.0	4852.0	0.0	1870532.0
3m__BE3_01_1156	11.805947	2.138139	3.998179	0.5	2476.0	6636.0	0.0	1757720.0
3m__BE4_01_1157	10.946389	1.8350369999999998	4.016951000000001	0.5	49336.0	5920.0	4152.0	1425348.0
3m__BE5_01_1158	12.267358	3.639397	4.46481	0.5	20000.0	5368.0	0.0	2055944.0
3m__BE6_01_1159	11.007535	2.138067	4.916549	0.5	3512.0	6612.0	0.0	1135664.0
3m__BE7_01_1160	10.234083	2.331541	5.4661480000000005	0.5	7984.0	5816.0	5500.0	1392520.0
3m__BE8_01_1161	11.618183	2.988794	6.0759989999999995	0.5	12260.0	7876.0	0.0	2328192.0
3m__BE9_01_1162	10.661447	2.158743	7.375082000000001	0.5	3704.0	5688.0	0.0	700100.0
3m__BF10_01_1175					1412.0	4544.0	0.0	592108.0
3m__BF11_01_1176					1720.0	10956.0	6676.0	960388.0
3m__BF12_01_1177					4400.0	5924.0	12200.0	1141044.0
3m__BF1_01_1166					21356.0	12076.0	0.0	1398608.0
3m__BF2_01_1167					324956.0	9232.0	5236.0	959212.0
3m__BF3_01_1168					213200.0	13540.0	0.0	840060.0
3m__BF4_01_1169					324728.0	8044.0	0.0	1088696.0
3m__BF5_01_1170					21640.0	10028.0	5040.0	1602900.0
3m__BF6_01_1171					5292.0	4112.0	0.0	708940.0
3m__BF7_01_1172					25096.0	7628.0	0.0	486316.0
3m__BF8_01_1173					17420.0	6152.0	0.0	835520.0
3m__BF9_01_1174					221416.0	5568.0	0.0	758236.0
3m__BG10_01_1187					19884.0	1536.0	0.0	14168.0
3m__BG11_01_1188					60092.0	2612.0	0.0	0.0
3m__BG12_01_1189					14072.0	2292.0	0.0	10120.0
3m__BG1_01_1178					232648.0	7828.0	0.0	1475120.0
3m__BG2_01_1179					398340.0	6620.0	0.0	911672.0
3m__BG3_01_1180					19472.0	10112.0	0.0	1369880.0
3m__BG4_01_1181					12088.0	8992.0	0.0	738028.0
3m__BG5_01_1182					7816.0	9412.0	0.0	994264.0
3m__BG6_01_1183					1732.0	6836.0	0.0	1186976.0
3m__BG7_01_1184					805740.0	3732.0	0.0	1382648.0
3m__BG8_01_1185					19624.0	6684.0	0.0	2164596.0
3m__BG9_01_1186					35188.0	5996.0	0.0	2123128.0
3m__BH10_01_1199					576092.0	2692.0	0.0	1776.0
3m__BH11_01_1200					611116.0	2268.0	6324.0	0.0
3m__BH12_01_1201					9424.0	308.0	772.0	0.0
3m__BH1_01_1190					24520.0	1548.0	7440.0	8120.0
3m__BH2_01_1191					1087080.0	2936.0	6084.0	5444.0
3m__BH3_01_1192					168504.0	896.0	0.0	5484.0
3m__BH4_01_1193					211852.0	392.0	5568.0	14664.0
3m__BH5_01_1194					360008.0	2148.0	0.0	11888.0
3m__BH6_01_1195					61808.0	1864.0	5644.0	4668.0
3m__BH7_01_1196					34072.0	940.0	3660.0	2284.0
3m__BH8_01_1197					148648.0	784.0	8348.0	1076.0
3m__BH9_01_1198					858164.0	2740.0	6316.0	5708.0
4m__BA10_01_1216	2.091063	4.332704	63.129841000000006	0.9	724.0	25760.0	15956.0	189608.0
4m__BA11_01_1217	5.611082	2.743119	55.43585600000001	0.9	0.0	13428.0	0.0	87300.0
4m__BA12_01_1218	2.193152	4.503966999999999	55.46524	0.9	0.0	15720.0	0.0	379692.0
4m__BA1_01_1207	2.451962	3.2596939999999996	65.16969300000001	0.9	616.0	3148.0	68588.0	40400.0
4m__BA2_01_1208	5.003538	3.413761	64.17524	0.9	932.0	14176.0	35076.0	70960.0
4m__BA3_01_1209	7.214466000000001	3.392694	62.110466	0.9	2048.0	7456.0	23824.0	56836.0
4m__BA4_01_1210	4.7743660000000006	4.418455000000001	61.501251	0.9	1516.0	17688.0	19104.0	98148.0
4m__BA5_01_1211	2.037902	4.890556	59.9552	0.9	1000.0	15812.0	30876.0	155328.0
4m__BA6_01_1212	4.323195	4.504080999999999	59.846596	0.9	1096.0	5972.0	20044.0	114752.0
4m__BA7_01_1213	6.706069	2.846953	59.65205400000001	0.9	240.0	10844.0	0.0	176092.0
4m__BA8_01_1214	5.582972	3.7400309999999997	57.954025	0.9	0.0	12388.0	10920.0	164116.0
4m__BA9_01_1215	2.043536	4.784461	57.769653000000005	0.9	0.0	10620.0	0.0	155596.0
4m__BB10_01_1228	4.945	-3.5524120000000003	62.799026	0.9	1512.0	15156.0	14044.0	161244.0
4m__BB11_01_1229	3.0718259999999997	-4.625405000000001	61.763222	0.9	15356.0	23224.0	13420.0	241912.0
4m__BB12_01_1230	0.9839200000000001	-5.1438809999999995	60.521446	0.9	1372.0	20848.0	24764.0	1550696.0
4m__BB1_01_1219	3.3925440000000004	3.7668589999999997	53.45021800000001	0.9	357848.0	6536.0	10244.0	234804.0
4m__BB2_01_1220	5.337867	2.5165669999999998	53.726299	0.9	363504.0	8216.0	0.0	423868.0
4m__BB3_01_1221	1.492979	4.127046	52.377972	0.9	335692.0	8556.0	0.0	144644.0
4m__BB4_01_1222	3.326075	3.4722760000000004	51.859921	0.9	462524.0	9844.0	0.0	166904.0
4m__BB5_01_1223	5.0800089999999996	2.049401	50.366394	0.9	323452.0	13052.0	0.0	165764.0
4m__BB6_01_1224	2.586544	3.719676	49.642895	0.9	605936.0	10284.0	0.0	154520.0
4m__BB7_01_1225	4.872818	3.041085	48.381634000000005	0.9	15328.0	19244.0	0.0	11220.0
4m__BB8_01_1226	1.443639	3.992582	48.182579	0.9	526484.0	21496.0	13268.0	61280.0
4m__BB9_01_1227	1.251886	-4.011545	62.920799	0.9	429328.0	7240.0	12472.0	73392.0
4m__BC10_01_1240	0.527183	-5.51339	53.213271999999996	0.9	744332.0	33816.0	0.0	156340.0
4m__BC11_01_1241	2.712425	-4.416323	52.203808	0.9	2264348.0	13624.0	0.0	426640.0
4m__BC12_01_1242	1.223568	-5.155172	50.888020000000004	0.9	178472.0	8228.0	10428.0	303588.0
4m__BC1_01_1231	4.529611	-4.895129	60.511593000000005	0.9	37588.0	12132.0	7220.0	94572.0
4m__BC2_01_1232	0.104202	-5.505912	58.703185999999995	0.9	57596.0	8440.0	13052.0	242608.0
4m__BC3_01_1233	3.031762	-5.781404	58.99244300000001	0.9	32796.0	9588.0	0.0	162268.0
4m__BC4_01_1234	4.1826419999999995	-5.524004	57.188461	0.9	1086964.0	11856.0	0.0	154704.0
4m__BC5_01_1235	3.409214	-5.831565	57.24765	0.9	47320.0	30944.0	21368.0	432672.0
4m__BC6_01_1236	1.0121870000000002	-5.664917	56.147690000000004	0.9	1141968.0	34704.0	0.0	243900.0
4m__BC7_01_1237	4.4116089999999994	-4.4408080000000005	55.222080000000005	0.9	136468.0	12900.0	0.0	143620.0
4m__BC8_01_1238	2.737164	-5.355505	54.69974499999999	0.9	55564.0	16920.0	0.0	182480.0
4m__BC9_01_1239	5.375208	-2.51631	52.864929000000004	0.9	2900.0	8804.0	0.0	359416.0
4m__BD10_01_1252	2.051416	-3.7302839999999997	44.473969	0.9	2568.0	5792.0	0.0	606232.0
4m__BD11_01_1253					90732.0	8744.0	0.0	0.0
4m__BD12_01_1254					78324.0	13108.0	0.0	0.0
4m__BD1_01_1243	4.8011919999999995	-2.3565669999999996	50.379135	0.9	0.0	11668.0	0.0	435320.0
4m__BD2_01_1244	3.123793	-3.655911	49.163696	0.9	270436.0	5676.0	0.0	844300.0
4m__BD3_01_1245					300312.0	14012.0	0.0	269848.0
4m__BD4_01_1246	0.91751	-4.622024	48.520866	0.9	334068.0	3448.0	0.0	495372.0
4m__BD5_01_1247	0.8690129999999999	-4.603789	47.164574	0.9	1912.0	5564.0	0.0	1140052.0
4m__BD6_01_1248	3.4051989999999996	-3.362538	47.595436	0.9	16032.0	19236.0	0.0	330980.0
4m__BD7_01_1249	1.615737	-4.604744	47.790245	0.9	360752.0	6980.0	0.0	1313512.0
4m__BD8_01_1250	5.391058	-2.309069	48.002777	0.9	192416.0	16024.0	0.0	1023288.0
4m__BD9_01_1251	0.806354	-4.295367	45.589672	0.9	132264.0	6988.0	340.0	1558332.0
4m__BE10_01_1264					364444.0	11864.0	0.0	0.0
4m__BE11_01_1265					656692.0	12552.0	0.0	0.0
4m__BE12_01_1266					108484.0	10360.0	0.0	6392.0
4m__BE1_01_1255	3.964165	-2.834726	45.894783000000004	0.9	3232.0	6708.0	0.0	412.0
4m__BE2_01_1256					262760.0	6976.0	0.0	384.0
4m__BE3_01_1257					117436.0	8776.0	0.0	456.0
4m__BE4_01_1258					1188384.0	11560.0	0.0	1332.0
4m__BE5_01_1259					11016.0	11436.0	0.0	756.0
4m__BE6_01_1260					1846004.0	7748.0	0.0	0.0
4m__BE7_01_1261					382296.0	5572.0	0.0	0.0
4m__BE8_01_1262					35908.0	13128.0	0.0	0.0
4m__BE9_01_1263					38904.0	11816.0	0.0	516.0
4m__BF10_01_1276	10.040903	1.8007	4.189074	0.9	2904.0	15136.0	0.0	0.0
4m__BF11_01_1277	6.872372	2.22933	40.461754	0.9	6892.0	14244.0	0.0	0.0
4m__BF12_01_1278	7.7803059999999995	1.910736	37.406784	0.9	1676.0	12696.0	0.0	5380.0
4m__BF1_01_1267	3.2967370000000003	-1.982818	36.063927	0.9	1732.0	13840.0	0.0	4524.0
4m__BF2_01_1268	3.592592	-2.0068479999999997	33.263020000000004	0.9	0.0	12984.0	0.0	0.0
4m__BF3_01_1269	3.9095720000000003	-1.8543450000000001	30.487292999999998	0.9	1688.0	6196.0	0.0	1880.0
4m__BF4_01_1270	4.476255999999999	-2.114068	27.608612	0.9	411700.0	12308.0	0.0	5212.0
4m__BF5_01_1271	4.9523459999999995	-1.870282	24.337108999999998	0.9	433908.0	11080.0	0.0	0.0
4m__BF6_01_1272	6.280775	-0.620727	20.353292	0.9	548152.0	9972.0	0.0	124.0
4m__BF7_01_1273	7.062544	0.276437	16.733549	0.9	478372.0	9768.0	0.0	4324.0
4m__BF8_01_1274	7.865319	0.950009	13.449103	0.9	204384.0	12484.0	0.0	3332.0
4m__BF9_01_1275	8.835655000000001	1.828872	9.075967	0.9	1424.0	14492.0	0.0	804.0
4m__BG10_01_1288					2184.0	14804.0	0.0	0.0
4m__BG11_01_1289					4540.0	14912.0	1480.0	1232.0
4m__BG12_01_1290					1284.0	15520.0	0.0	0.0
4m__BG1_01_1279	8.567279	1.342874	33.99102	0.9	4648.0	14664.0	2296.0	5804.0
4m__BG2_01_1280	8.779863	1.084473	30.154171	0.9	114072.0	9604.0	0.0	4836.0
4m__BG3_01_1281	8.216341	1.378767	26.387273999999998	0.9	43116.0	11632.0	0.0	2020.0
4m__BG4_01_1282	8.88377	2.0536950000000003	22.587788	0.8	328364.0	9160.0	0.0	1212.0
4m__BG5_01_1283	10.269983	3.2482599999999997	18.858093	0.8	123512.0	13876.0	0.0	824.0
4m__BG6_01_1284	10.959151	3.400846	15.499451	0.8	688732.0	12040.0	0.0	1964.0
4m__BG7_01_1285	11.147983	3.6576940000000002	11.926401	0.8	808204.0	15544.0	0.0	820.0
4m__BG8_01_1286	11.229221	3.730957	8.735607	0.8	916.0	17880.0	0.0	4864.0
4m__BG9_01_1287	11.553873	4.096951	4.984797	0.8	71636.0	16980.0	0.0	3664.0
4m__BH10_01_1300					92448.0	7896.0	0.0	848.0
4m__BH11_01_1301					8660.0	18600.0	0.0	4220.0
4m__BH12_01_1302					17216.0	11632.0	0.0	3768.0
4m__BH1_01_1291					87024.0	13876.0	0.0	2652.0
4m__BH2_01_1292					1187700.0	8756.0	272.0	0.0
4m__BH3_01_1293					783328.0	13168.0	3916.0	2612.0
4m__BH4_01_1294					213220.0	10672.0	0.0	0.0
4m__BH5_01_1295					145284.0	0.0	0.0	6736.0
4m__BH6_01_1296					18020.0	13512.0	0.0	2668.0
4m__BH7_01_1297					1920984.0	9804.0	0.0	4020.0
4m__BH8_01_1298					2405300.0	15044.0	0.0	3272.0
4m__BH9_01_1299					148156.0	14556.0	0.0	3100.0
5m__BA10_01_1316	3.28895	-2.19544	38.984444	0.7	15088.0	8176.0	0.0	108296.0
5m__BA11_01_1317	0.659746	-1.9515900000000002	39.015068	0.6	4116.0	11068.0	0.0	82300.0
5m__BA12_01_1318	1.558411	-1.435663	39.01675	0.6	1129564.0	9860.0	7608.0	138340.0
5m__BA1_01_1307	1.039022	-3.779964	42.687401	0.7	9916.0	2484.0	0.0	0.0
5m__BA2_01_1308	2.910303	-2.864016	42.076832	0.7	15064.0	4708.0	11444.0	0.0
5m__BA3_01_1309	4.804022	-2.5236709999999998	41.553909000000004	0.7	85948.0	1596.0	19228.0	0.0
5m__BA4_01_1310	1.1280860000000001	-3.6508480000000003	41.231232	0.7	8828.0	0.0	0.0	0.0
5m__BA5_01_1311	2.261759	-2.9272650000000002	40.784595	0.7	23520.0	3520.0	6056.0	66764.0
5m__BA6_01_1312	3.323119	-2.3762939999999997	40.413567	0.7	32188.0	3480.0	6424.0	69088.0
5m__BA7_01_1313	4.846807	-2.621927	39.880356	0.7	18800.0	3280.0	8184.0	121840.0
5m__BA8_01_1314	1.01796	-2.995702	39.849537	0.7	7656.0	4360.0	0.0	168676.0
5m__BA9_01_1315	2.0388919999999997	-2.15993	39.750316999999995	0.7	13428.0	4608.0	6788.0	76944.0
5m__BB10_01_1328	0.9262440000000001	3.761501	37.375969	0.7	28524.0	6280.0	0.0	99744.0
5m__BB11_01_1329	0.312053	4.575516	45.384910999999995	0.9	14556.0	4428.0	0.0	76888.0
5m__BB12_01_1330	2.873786	4.975845	45.566666	0.9	4024.0	6224.0	0.0	91036.0
5m__BB1_01_1319	2.163379	-1.8038720000000001	37.944839	0.6	0.0	6516.0	0.0	78484.0
5m__BB2_01_1320	0.054846000000000006	-0.39764	38.676331	0.6	3132.0	4724.0	7600.0	40156.0
5m__BB3_01_1321	0.675986	-0.268311	38.367939	0.6	4784.0	8404.0	0.0	89592.0
5m__BB4_01_1322	1.4757040000000001	-1.241393	37.327263	0.7	22816.0	6768.0	8352.0	65196.0
5m__BB5_01_1323	-0.319112	2.0187720000000002	39.147594	0.7	527928.0	8148.0	0.0	75068.0
5m__BB6_01_1324	0.039158	2.369309	38.220321999999996	1.0	737692.0	5656.0	0.0	352480.0
5m__BB7_01_1325	0.26195799999999997	2.536596	36.927368	1.0	30924.0	1192.0	0.0	23348.0
5m__BB8_01_1326	-0.519062	3.098423	39.834671	1.0	8148.0	3284.0	12064.0	93292.0
5m__BB9_01_1327	0.364334	3.697754	38.753674	0.9	10096.0	3804.0	0.0	69176.0
5m__BC10_01_1340	1.314137	2.899075	33.431953	0.9	43172.0	7448.0	0.0	286704.0
5m__BC11_01_1341	3.7100470000000003	4.498067	33.658611	0.9	35812.0	4644.0	0.0	281524.0
5m__BC12_01_1342	6.7982119999999995	3.613614	33.770298	0.9	1321360.0	6692.0	0.0	349664.0
5m__BC1_01_1331	3.115158	5.616131	43.828461	0.9	68380.0	5248.0	0.0	147536.0
5m__BC2_01_1332	4.659758	4.748121	41.806946	0.9	1226468.0	7928.0	0.0	145836.0
5m__BC3_01_1333	1.384961	5.917076	42.413242	0.9	510584.0	9428.0	0.0	182036.0
5m__BC4_01_1334	-0.780193	4.182205000000001	43.753212	0.9	1860488.0	5920.0	0.0	94904.0
5m__BC5_01_1335	-0.6368510000000001	4.39105	42.245796	0.9	52284.0	10180.0	0.0	249148.0
5m__BC6_01_1336	2.500787	5.760635	40.475838	0.9	34628.0	5992.0	0.0	127932.0
5m__BC7_01_1337	4.894186	4.914165000000001	39.212425	0.9	204612.0	7320.0	1584.0	353632.0
5m__BC8_01_1338	2.825284	4.854072	37.312484999999995	0.9	666220.0	7860.0	0.0	295420.0
5m__BC9_01_1339	5.808951	4.380101	36.513535	0.9	39140.0	7508.0	0.0	130200.0
5m__BD10_01_1352	5.846432	3.2853769999999995	20.437107	0.8	1151944.0	5888.0	0.0	904192.0
5m__BD11_01_1353	6.861727	4.030803	20.122019	0.8	245492.0	2596.0	4376.0	488740.0
5m__BD12_01_1354	8.494477	4.4159370000000004	19.536215	0.8	616692.0	6900.0	0.0	549636.0
5m__BD1_01_1343	6.156305000000001	3.97044	31.338562	0.9	1019092.0	3712.0	4128.0	680572.0
5m__BD2_01_1344	2.1931529999999997	3.225005	31.233252	0.9	173084.0	7972.0	0.0	597032.0
5m__BD3_01_1345	8.890194000000001	4.894144	17.952274	0.7	450172.0	8248.0	0.0	310108.0
5m__BD4_01_1346	4.5266910000000005	3.8628120000000004	29.055978999999997	0.9	76540.0	4236.0	0.0	169156.0
5m__BD5_01_1347	6.283903	3.6390480000000003	28.066149	0.9	856412.0	10180.0	0.0	784152.0
5m__BD6_01_1348	3.7323839999999997	2.7039999999999997	26.904388	0.9	231904.0	6572.0	0.0	379180.0
5m__BD7_01_1349	5.193865	3.181437	25.026379000000002	0.8	91972.0	5072.0	0.0	804008.0
5m__BD8_01_1350	7.156055	3.189316	23.412777	0.8	305968.0	9328.0	0.0	946920.0
5m__BD9_01_1351	4.940736	2.571558	22.553482000000002	0.8	195668.0	9960.0	0.0	924568.0
5m__BE10_01_1364	5.861833	3.6778519999999997	19.028896	0.7	842332.0	5092.0	0.0	727404.0
5m__BE11_01_1365	6.574753	4.637589	13.905399	0.7	266240.0	5896.0	3064.0	1233560.0
5m__BE12_01_1366	8.310642	5.173312	13.454697	0.7	1044596.0	4704.0	0.0	576292.0
5m__BE1_01_1355	8.031176	3.6023059999999996	21.448936	0.8	1458916.0	10008.0	0.0	1490976.0
5m__BE2_01_1356	7.331747999999999	4.1177220000000005	11.774769000000001	0.7	2027728.0	8852.0	0.0	1296756.0
5m__BE3_01_1357	7.192253999999999	4.727104	18.392257999999998	0.7	1365240.0	15932.0	0.0	1186860.0
5m__BE4_01_1358	5.864395	4.057693	17.638664000000002	0.7	1385832.0	10136.0	0.0	1271336.0
5m__BE5_01_1359	7.327300999999999	5.010002	17.253624	0.7	1377224.0	16656.0	0.0	1918652.0
5m__BE6_01_1360	6.03677	4.3812370000000005	16.075135999999997	0.7	340448.0	6876.0	2584.0	1189528.0
5m__BE7_01_1361	9.241365	5.198591	16.001072	0.7	424772.0	8676.0	0.0	1009072.0
5m__BE8_01_1362	7.673422	5.12976	15.153869	0.7	597848.0	5408.0	0.0	1089416.0
5m__BE9_01_1363	9.215672999999999	5.212979	14.289587	0.7	141920.0	5028.0	0.0	745528.0
5m__BF10_01_1376	14.48003	-3.4779690000000003	-0.06467200000000001	0.4	917520.0	9384.0	6708.0	1314340.0
5m__BF11_01_1377	13.675809	-2.6564919999999996	0.295415	0.5	807972.0	11716.0	0.0	1312800.0
5m__BF12_01_1378	14.860248	-2.201896	0.34060999999999997	0.4	235548.0	7016.0	0.0	782640.0
5m__BF1_01_1367	9.736262	4.71245	12.232660000000001	0.7	1024540.0	8068.0	0.0	1488488.0
5m__BF2_01_1368	8.855	5.060016	10.650051	0.7	793952.0	9400.0	0.0	1738008.0
5m__BF3_01_1369	9.471601	4.924827	9.556675	0.7	1058692.0	9196.0	4632.0	1081852.0
5m__BF4_01_1370	8.691459	4.81506	8.541282	0.7	1130016.0	10588.0	0.0	917896.0
5m__BF5_01_1371	9.565533	5.082736	6.601761	0.7	1156464.0	6892.0	0.0	1184072.0
5m__BF6_01_1372	9.29567	4.102436	3.7467660000000005	0.7	655016.0	11844.0	0.0	2620184.0
5m__BF7_01_1373	10.395904	5.392444	3.8517919999999997	0.7	110044.0	14768.0	0.0	1670904.0
5m__BF8_01_1374	9.167228999999999	6.184935	2.206426	0.7	670984.0	13004.0	0.0	667372.0
5m__BF9_01_1375	15.104148	-3.8001739999999997	0.12783599999999998	0.4	1481096.0	9812.0	0.0	1237780.0
5m__BG10_01_1388	13.696513000000001	-0.162133	0.13176400000000002	0.65	97128.0	20324.0	0.0	490376.0
5m__BG11_01_1389	12.370431	-0.360748	0.21768400000000002	0.65	121796.0	23024.0	0.0	1394956.0
5m__BG12_01_1390	13.839687	1.1428040000000002	0.166272	0.65	47228.0	14116.0	0.0	686112.0
5m__BG1_01_1379	15.687577	-3.028368	-0.034806000000000004	0.4	761724.0	7264.0	0.0	506896.0
5m__BG2_01_1380	15.827385000000001	-2.171436	-0.09160800000000001	0.4	156028.0	10044.0	0.0	473468.0
5m__BG3_01_1381	15.209572	-1.4156799999999998	0.29981399999999997	0.4	531788.0	16340.0	0.0	1042956.0
5m__BG4_01_1382	15.883176999999998	-1.308658	-0.059144	0.35	520332.0	13808.0	0.0	680372.0
5m__BG5_01_1383	15.350082	-0.55356	0.279721	0.4	250596.0	13332.0	3124.0	996252.0
5m__BG6_01_1384	15.933832999999998	-0.298508	-0.009217	0.35	128548.0	18152.0	3564.0	1198168.0
5m__BG7_01_1385	15.379779999999998	0.420455	0.273385	0.4	181252.0	14264.0	2880.0	913536.0
5m__BG8_01_1386	14.491364	-1.314035	0.041961	0.5	37044.0	10308.0	2068.0	1168396.0
5m__BG9_01_1387	13.043906	-1.639182	0.129708	0.65	150260.0	11284.0	3008.0	1055288.0
5m__BH10_01_1400					918440.0	10416.0	4020.0	547272.0
5m__BH11_01_1401					393088.0	12648.0	2664.0	728544.0
5m__BH12_01_1402					26352.0	10652.0	1408.0	372248.0
5m__BH1_01_1391	11.894477	1.067495	0.3402	0.65	3148.0	23716.0	2772.0	1147232.0
5m__BH2_01_1392	12.477478999999999	2.628325	0.36424	0.65	1116.0	18316.0	0.0	1850376.0
5m__BH3_01_1393	10.788606	2.144589	0.481677	0.65	2252.0	11656.0	2632.0	981788.0
5m__BH4_01_1394	11.436128	3.796387	0.548744	0.65	2572.0	29288.0	4204.0	2632728.0
5m__BH5_01_1395	10.045364	3.7628150000000002	0.619708	0.65	113420.0	5732.0	0.0	3752716.0
5m__BH6_01_1396	9.757002	5.234279	0.726518	0.5	33560.0	16176.0	0.0	986560.0
5m__BH7_01_1397	8.955986	4.373268	0.739376	0.5	24004.0	13608.0	0.0	1125544.0
5m__BH8_01_1398	8.774654	5.388553	0.823411	0.5	8264.0	34896.0	12232.0	2234812.0
5m__BH9_01_1399					54176.0	30352.0	2776.0	1489192.0
